{
    "K200f.0925": {
        "agreement": 0.5,
        "pred": 0.00017516778625174394
    },
    "K200f.1030": {
        "agreement": 1.0,
        "pred": -0.0021253875621512607
    },
    "K200f.1130": {
        "agreement": 0.5,
        "pred": -0.0007056397802683017
    }
}