{
    "K200f.0925": {
        "agreement": 0.8,
        "pred": 0.002200785715993324
    },
    "K200f.1030": {
        "agreement": 1.0,
        "pred": 0.0010586311151873408
    },
    "K200f.1130": {
        "agreement": 1.0,
        "pred": 0.00232968679675086
    },
    "K200f.1day.L": {
        "agreement": 1.0,
        "pred": 0.004278858180869169
    },
    "K200f.1day.O": {
        "agreement": 0.88,
        "pred": 0.001047421607241029
    },
    "K200f.b2f1.O": {
        "agreement": 1.0,
        "pred": 0.0013381453576896858
    }
}