{
    "K200f.1030": {
        "agreement": 0.8,
        "pred": -0.0022670083584045648
    },
    "K200f.1130": {
        "agreement": 0.86,
        "pred": -0.0028810121676553016
    }
}