{
    "K200f.1030": {
        "agreement": 0.56,
        "pred": -7.580535522100659e-05
    },
    "K200f.1130": {
        "agreement": 0.62,
        "pred": -0.0011343401296565589
    }
}