{
    "K200f.0925": {
        "agreement": 0.86,
        "pred": -0.0007919429513055618
    },
    "K200f.1030": {
        "agreement": 0.62,
        "pred": 0.00023004029177480092
    },
    "K200f.1130": {
        "agreement": 0.33,
        "pred": -0.00013850595974942208
    },
    "K200f.1day.L": {
        "agreement": 0.78,
        "pred": 0.0018301697784590429
    },
    "K200f.1day.O": {
        "agreement": 1.0,
        "pred": 0.0013888922090760914
    }
}