{
    "K200f.1030": {
        "agreement": 0.7,
        "pred": -0.0007555884367249575
    },
    "K200f.1130": {
        "agreement": 0.71,
        "pred": -0.0008397264254571105
    }
}