{
    "K200f.1030": {
        "agreement": 0.89,
        "pred": 0.00182912454786812
    },
    "K200f.1130": {
        "agreement": 0.92,
        "pred": 0.0022204885826792374
    }
}