{
    "K200f.0925": {
        "agreement": 0.78,
        "pred": -0.0014129075182705308
    },
    "K200f.1030": {
        "agreement": 0.57,
        "pred": 0.0001063232124690422
    },
    "K200f.1130": {
        "agreement": 1.0,
        "pred": -0.0018990465207111178
    },
    "K200f.1day.L": {
        "agreement": 0.62,
        "pred": 0.0002838488772988662
    },
    "K200f.1day.O": {
        "agreement": 1.0,
        "pred": -0.00184445760331329
    }
}