{
    "K200f.0925": {
        "num_models": 13,
        "pred": 0.0007092191811284667,
        "sum_signs": 1.0
    },
    "K200f.1030": {
        "num_models": 10,
        "pred": 0.0019937473970071977,
        "sum_signs": 8.0
    },
    "K200f.1130": {
        "num_models": 8,
        "pred": 0.0007362111879360491,
        "sum_signs": 4.0
    }
}