{
    "K200f.1030": {
        "agreement": 0.7,
        "pred": 0.000778492206465597
    },
    "K200f.1130": {
        "agreement": 0.44,
        "pred": -8.331282123238112e-05
    }
}