{
    "K200f.1030": {
        "agreement": 0.73,
        "pred": -0.001772360495075726
    },
    "K200f.1130": {
        "agreement": 0.89,
        "pred": -0.0016410533914366662
    }
}