{
    "K200f.1030": {
        "agreement": 0.7,
        "pred": -0.0016813175314688681
    },
    "K200f.1130": {
        "agreement": 0.9,
        "pred": -0.0021823458397297276
    }
}