{
    "K200f.0925": {
        "agreement": 0.89,
        "pred": 0.0025342347039182195
    },
    "K200f.1030": {
        "agreement": 1.0,
        "pred": 0.0010645712801932322
    },
    "K200f.1130": {
        "agreement": 0.78,
        "pred": 0.00165024980864535
    }
}