{
    "K200f.0925": {
        "agreement": 0.5,
        "pred": -0.0002498708569619707
    },
    "K200f.1030": {
        "agreement": 0.91,
        "pred": -0.0016418666033060946
    },
    "K200f.1130": {
        "agreement": 1.0,
        "pred": -0.00236683695974807
    }
}