{
    "K200f.1030": {
        "agreement": 0.73,
        "pred": -0.0020094306832474785
    },
    "K200f.1130": {
        "agreement": 0.67,
        "pred": -0.0012498163961181695
    }
}