{
    "K200f.1030": {
        "agreement": 0.55,
        "pred": 1.918361364833467e-05
    },
    "K200f.1130": {
        "agreement": 0.62,
        "pred": -2.501221406058932e-06
    }
}