{
    "K200f.0925": {
        "agreement": 0.8,
        "pred": 0.0012005221874266782
    },
    "K200f.1030": {
        "agreement": 0.91,
        "pred": 0.0027351764569367196
    },
    "K200f.1130": {
        "agreement": 1.0,
        "pred": 0.002943991037726112
    }
}