{
    "K200f.1030": {
        "agreement": 0.44,
        "pred": -3.4728480179174854e-06
    },
    "K200f.1130": {
        "agreement": 1.0,
        "pred": 0.0025055601166405817
    }
}