{
    "K200f.1030": {
        "agreement": 1.0,
        "pred": -0.00246486544857829
    },
    "K200f.1130": {
        "agreement": 0.86,
        "pred": -0.0015701194980630392
    }
}