{
    "K200f.1030": {
        "agreement": 0.6,
        "pred": 0.000689960593473811
    },
    "K200f.1130": {
        "agreement": 0.75,
        "pred": 0.001240455355900367
    }
}