{
    "K200f.0925": {
        "agreement": 0.75,
        "pred": -0.0007197115968353767
    },
    "K200f.1030": {
        "agreement": 0.62,
        "pred": 0.00014244389131449787
    },
    "K200f.1130": {
        "agreement": 0.5,
        "pred": -0.00024448067940658995
    },
    "K200f.1day.L": {
        "agreement": 0.73,
        "pred": 0.0017595057436050234
    },
    "K200f.1day.O": {
        "agreement": 0.5,
        "pred": 0.0008163321151037925
    },
    "K200f.b2f1.O": {
        "agreement": 0.5,
        "pred": -0.0013301944726154965
    }
}