{
    "K200f.1030": {
        "agreement": 0.36,
        "pred": 0.0007869489894686097
    },
    "K200f.1130": {
        "agreement": 0.56,
        "pred": 0.0009079436161804999
    }
}