{
    "K200f.1030": {
        "agreement": 0.73,
        "pred": -0.0020868742523730897
    },
    "K200f.1130": {
        "agreement": 0.7,
        "pred": -0.00040656988613846265
    }
}