{
    "K200f.1030": {
        "agreement": 0.91,
        "pred": -0.0015998097371502894
    },
    "K200f.1130": {
        "agreement": 0.7,
        "pred": -0.0009535475756644865
    }
}