{
    "K200f.1030": {
        "agreement": 0.9,
        "pred": -0.0010084815077021265
    },
    "K200f.1130": {
        "agreement": 0.75,
        "pred": -0.0007581626342473342
    }
}