{
    "K200f.1030": {
        "agreement": 0.67,
        "pred": -0.00032000354975929914
    },
    "K200f.1130": {
        "agreement": 0.8,
        "pred": 0.0005675112808610005
    }
}