{
    "K200f.1030": {
        "agreement": 0.88,
        "pred": -0.0018118178315009467
    },
    "K200f.1130": {
        "agreement": 0.71,
        "pred": -0.0007532108528260801
    }
}