{
    "K200f.1030": {
        "agreement": 0.82,
        "pred": -0.001751307700884535
    },
    "K200f.1130": {
        "agreement": 0.56,
        "pred": 6.697931602523048e-05
    }
}