{
    "K200f.0925": {
        "agreement": 1.0,
        "pred": 0.002940688564637341
    },
    "K200f.1030": {
        "agreement": 0.88,
        "pred": 0.0009792503956360093
    },
    "K200f.1130": {
        "agreement": 1.0,
        "pred": 0.0018338580003356688
    },
    "K200f.1day.L": {
        "agreement": 1.0,
        "pred": 0.0033219468202547436
    },
    "K200f.1day.O": {
        "agreement": 1.0,
        "pred": 0.0026677244162189397
    }
}