{
    "K200f.0925": {
        "agreement": 1.0,
        "pred": 0.003486706467689539
    },
    "K200f.1030": {
        "agreement": 0.75,
        "pred": -0.00015576848718730236
    },
    "K200f.1130": {
        "agreement": 0.5,
        "pred": 4.95333734163491e-05
    },
    "K200f.1day.L": {
        "agreement": 0.4,
        "pred": -0.0002668132991488938
    },
    "K200f.1day.O": {
        "agreement": 0.57,
        "pred": -0.0008438572479533582
    }
}