{
    "K200f.0925": {
        "agreement": 0.86,
        "pred": 0.0031520769020606733
    },
    "K200f.1030": {
        "agreement": 1.0,
        "pred": 0.0023162704506628296
    },
    "K200f.1130": {
        "agreement": 1.0,
        "pred": 0.00390800657955638
    },
    "K200f.1day.L": {
        "agreement": 1.0,
        "pred": 0.0033007654233643134
    },
    "K200f.1day.O": {
        "agreement": 1.0,
        "pred": 0.005059158482661574
    }
}