{
    "K200f.1030": {
        "agreement": 0.56,
        "pred": 0.00035588829068886155
    },
    "K200f.1130": {
        "agreement": 1.0,
        "pred": 0.0020244646995216963
    }
}