{
    "K200f.0925": {
        "agreement": 1.0,
        "pred": -0.0031183329119314246
    },
    "K200f.1030": {
        "agreement": 0.88,
        "pred": -0.000622961162382196
    },
    "K200f.1130": {
        "agreement": 1.0,
        "pred": -0.00240769902024817
    },
    "K200f.1day.L": {
        "agreement": 0.89,
        "pred": 0.0024040722686248226
    },
    "K200f.1day.O": {
        "agreement": 1.0,
        "pred": 0.0020198436708544166
    }
}