{
    "K200f.0925": {
        "agreement": 0.7,
        "pred": 0.0009837848239387238
    },
    "K200f.1030": {
        "agreement": 0.5,
        "pred": -1.833557074534353e-05
    },
    "K200f.1130": {
        "agreement": 0.75,
        "pred": 0.0009741822963067733
    },
    "K200f.1day.L": {
        "agreement": 1.0,
        "pred": 0.004017889197494984
    },
    "K200f.1day.O": {
        "agreement": 1.0,
        "pred": 0.0045762984729480465
    }
}