{
    "K200f.1030": {
        "agreement": 0.86,
        "pred": -0.004171816442211881
    },
    "K200f.1130": {
        "agreement": 1.0,
        "pred": -0.0017204446288097335
    }
}