{
    "K200f.1030": {
        "agreement": 0.82,
        "pred": 0.0014845685538936897
    },
    "K200f.1130": {
        "agreement": 0.89,
        "pred": 0.0028516415772474016
    }
}