{
    "K200f.1030": {
        "agreement": 0.75,
        "pred": -0.001899237301094327
    },
    "K200f.1130": {
        "agreement": 0.75,
        "pred": -0.0007058903745615788
    }
}