{
    "K200f.0925": {
        "agreement": 1.0,
        "pred": 0.0028576629283415065
    },
    "K200f.1030": {
        "agreement": 0.88,
        "pred": 0.0010070290569758715
    },
    "K200f.1130": {
        "agreement": 1.0,
        "pred": 0.002280107022682278
    },
    "K200f.1day.L": {
        "agreement": 0.91,
        "pred": 0.0018602205942294058
    },
    "K200f.1day.O": {
        "agreement": 0.75,
        "pred": 0.0016077197112236929
    },
    "K200f.b2f1.O": {
        "agreement": 1.0,
        "pred": 0.0021713630314488417
    }
}