{
    "K200f.0925": {
        "num_models": 13,
        "pred": 0.00027248982023715375,
        "sum_signs": 7.0
    },
    "K200f.1030": {
        "num_models": 10,
        "pred": -0.00015287145157101285,
        "sum_signs": 2.0
    },
    "K200f.1130": {
        "num_models": 8,
        "pred": 0.00020155530995943422,
        "sum_signs": 0.0
    }
}