{
    "K200f.0925": {
        "agreement": 0.5,
        "pred": -0.0008153870061406585
    },
    "K200f.1030": {
        "agreement": 0.5,
        "pred": -0.0001348191717982119
    },
    "K200f.1130": {
        "agreement": 0.78,
        "pred": 0.0004659631538525978
    },
    "K200f.1day.L": {
        "agreement": 0.8,
        "pred": -0.002921255726617689
    },
    "K200f.1day.O": {
        "agreement": 0.75,
        "pred": 0.0021023357366634376
    },
    "K200f.b2f1.O": {
        "agreement": 1.0,
        "pred": -0.0037935706243062257
    }
}