{
    "K200f.1030": {
        "agreement": 0.75,
        "pred": -0.0018650777898787075
    },
    "K200f.1130": {
        "agreement": 0.36,
        "pred": -5.690240857048244e-05
    }
}