{
    "K200f.1030": {
        "agreement": 1.0,
        "pred": 0.0024548051790715193
    },
    "K200f.1130": {
        "agreement": 1.0,
        "pred": 0.0023487814138559507
    }
}