{
    "K200f.1030": {
        "agreement": 1.0,
        "pred": -0.002439102624137764
    },
    "K200f.1130": {
        "agreement": 0.89,
        "pred": -0.0018955441129736557
    }
}