{
    "K200f.1030": {
        "agreement": 0.78,
        "pred": -0.0012178072175361586
    },
    "K200f.1130": {
        "agreement": 0.64,
        "pred": -0.000323055249389972
    }
}