{
    "K200f.1030": {
        "agreement": 0.55,
        "pred": -0.00039697136875762885
    },
    "K200f.1130": {
        "agreement": 0.56,
        "pred": 0.0001510518112893172
    }
}