{
    "K200f.1030": {
        "agreement": 0.6,
        "pred": -0.0003534918244005685
    },
    "K200f.1130": {
        "agreement": 0.5,
        "pred": -0.000675245157535511
    }
}