{
    "K200f.1030": {
        "agreement": 0.6,
        "pred": -0.0010890737390373997
    },
    "K200f.1130": {
        "agreement": 0.62,
        "pred": 0.00023345618345263074
    }
}