{
    "K200f.1030": {
        "agreement": 0.6,
        "pred": -0.00028600888753194543
    },
    "K200f.1130": {
        "agreement": 0.5,
        "pred": -0.000577446769847479
    }
}