{
    "K200f.1030": {
        "agreement": 0.75,
        "pred": -0.00025152880022932236
    },
    "K200f.1130": {
        "agreement": 0.88,
        "pred": 0.0017075682352638477
    }
}