{
    "K200f.1030": {
        "agreement": 0.54,
        "pred": 0.0003807090411695494
    },
    "K200f.1130": {
        "agreement": 0.86,
        "pred": 0.0007349418329290696
    }
}