{
    "K200f.1030": {
        "agreement": 0.8,
        "pred": 0.0010254958213708801
    },
    "K200f.1130": {
        "agreement": 0.56,
        "pred": 0.0005273751209774161
    }
}