{
    "K200f.1030": {
        "agreement": 0.89,
        "pred": 0.0018840651651164876
    },
    "K200f.1130": {
        "agreement": 0.91,
        "pred": 0.0021335831087812823
    }
}