{
    "K200f.1030": {
        "agreement": 0.56,
        "pred": -0.00011342245017389043
    },
    "K200f.1130": {
        "agreement": 0.82,
        "pred": -0.0005128454182646527
    }
}