{
    "K200f.1030": {
        "agreement": 1.0,
        "pred": 0.004618762343362999
    },
    "K200f.1130": {
        "agreement": 1.0,
        "pred": 0.003781481602971307
    }
}