{
    "K200f.1030": {
        "agreement": 0.4,
        "pred": -9.187634884346945e-05
    },
    "K200f.1130": {
        "agreement": 0.67,
        "pred": 0.000256044685112749
    }
}