{
    "K200f.0925": {
        "agreement": 0.75,
        "pred": 0.0008405960612315119
    },
    "K200f.1030": {
        "agreement": 0.5,
        "pred": 2.5252612943314263e-05
    },
    "K200f.1130": {
        "agreement": 0.89,
        "pred": 0.001887685452030643
    },
    "K200f.1day.L": {
        "agreement": 0.91,
        "pred": 0.0020071873689965045
    },
    "K200f.1day.O": {
        "agreement": 0.6,
        "pred": 0.0008128200343068884
    },
    "K200f.b2f1.O": {
        "agreement": 1.0,
        "pred": 0.005622235945331088
    }
}