{
    "K200f.1030": {
        "agreement": 0.73,
        "pred": 0.0006317141517824999
    },
    "K200f.1130": {
        "agreement": 0.67,
        "pred": 0.0004370703412743629
    }
}