{
    "K200f.1030": {
        "agreement": 0.75,
        "pred": -0.0032236741890562743
    },
    "K200f.1130": {
        "agreement": 0.38,
        "pred": 0.00013563516508969847
    }
}