{
    "K200f.0925": {
        "agreement": 0.6,
        "pred": 0.0004478346291605107
    },
    "K200f.1030": {
        "agreement": 0.62,
        "pred": 0.0005374241621878544
    },
    "K200f.1130": {
        "agreement": 0.78,
        "pred": 0.00044631224806391704
    },
    "K200f.1day.L": {
        "agreement": 0.9,
        "pred": 0.0015720386468405089
    },
    "K200f.1day.O": {
        "agreement": 0.88,
        "pred": 0.0008359261427837738
    },
    "K200f.b2f1.O": {
        "agreement": 0.83,
        "pred": -0.002499059343777965
    }
}