{
    "K200f.1030": {
        "agreement": 0.73,
        "pred": 0.0014703982020325664
    },
    "K200f.1130": {
        "agreement": 0.67,
        "pred": 0.0005055317710205475
    }
}