{
    "K200f.0925": {
        "agreement": 0.88,
        "pred": 0.0009617175179913367
    },
    "K200f.1030": {
        "agreement": 0.71,
        "pred": 0.00012886875942735688
    },
    "K200f.1130": {
        "agreement": 0.67,
        "pred": 0.0007826176703074768
    },
    "K200f.1day.L": {
        "agreement": 0.83,
        "pred": 0.0004995906883991022
    },
    "K200f.1day.O": {
        "agreement": 1.0,
        "pred": 0.0009447680018491631
    }
}