{
    "K200f.1030": {
        "agreement": 0.9,
        "pred": -0.0017420585119480147
    },
    "K200f.1130": {
        "agreement": 0.78,
        "pred": -0.0010268079769940879
    }
}