{
    "K200f.1030": {
        "agreement": 0.45,
        "pred": 6.33705659519881e-05
    },
    "K200f.1130": {
        "agreement": 0.56,
        "pred": -7.485145455645012e-05
    }
}