{
    "K200f.1030": {
        "agreement": 1.0,
        "pred": -0.0017966893973241412
    },
    "K200f.1130": {
        "agreement": 1.0,
        "pred": -0.0017224581613760604
    }
}