{
    "K200f.1030": {
        "agreement": 0.78,
        "pred": -0.002606599889113294
    },
    "K200f.1130": {
        "agreement": 0.75,
        "pred": -0.002075136096081501
    }
}