{
    "K200f.0925": {
        "agreement": 0.75,
        "pred": -0.0014349015327122982
    },
    "K200f.1030": {
        "agreement": 0.62,
        "pred": 1.8489715432115167e-05
    },
    "K200f.1130": {
        "agreement": 0.56,
        "pred": -0.00019209167774931904
    },
    "K200f.1day.L": {
        "agreement": 1.0,
        "pred": 0.004307451711687279
    },
    "K200f.1day.O": {
        "agreement": 0.6,
        "pred": 0.0009163371071194456
    },
    "K200f.b2f1.O": {
        "agreement": 0.67,
        "pred": 0.0003883691100332011
    }
}