{
    "K200f.0925": {
        "agreement": 0.7,
        "pred": 0.001350199307213238
    },
    "K200f.1030": {
        "agreement": 0.75,
        "pred": 0.0008854819123915606
    },
    "K200f.1130": {
        "agreement": 0.89,
        "pred": 0.0018365531292567222
    },
    "K200f.1day.L": {
        "agreement": 1.0,
        "pred": 0.0033488961991546885
    },
    "K200f.1day.O": {
        "agreement": 1.0,
        "pred": 0.0017078113525827196
    },
    "K200f.b2f1.O": {
        "agreement": 1.0,
        "pred": 0.00476966937781139
    }
}