{
    "K200f.1030": {
        "agreement": 0.56,
        "pred": 0.0006420691319538172
    },
    "K200f.1130": {
        "agreement": 0.88,
        "pred": 0.003117823682098929
    }
}