{
    "K200f.1030": {
        "agreement": 1.0,
        "pred": 0.0019416440779184377
    },
    "K200f.1130": {
        "agreement": 0.7,
        "pred": 0.0008230729917007162
    }
}