{
    "K200f.1030": {
        "agreement": 0.55,
        "pred": 0.0006292707508236155
    },
    "K200f.1130": {
        "agreement": 0.64,
        "pred": 0.0002895109057679481
    }
}