{
    "K200f.1030": {
        "agreement": 0.8,
        "pred": -0.001716064464124991
    },
    "K200f.1130": {
        "agreement": 1.0,
        "pred": -0.0022744032036385725
    }
}