{
    "K200f.0925": {
        "agreement": 0.5,
        "pred": 0.0003142257304209318
    },
    "K200f.1030": {
        "agreement": 0.86,
        "pred": 0.0006372111189670964
    },
    "K200f.1130": {
        "agreement": 0.57,
        "pred": -0.00016446511055214738
    },
    "K200f.1day.L": {
        "agreement": 0.57,
        "pred": 0.0009507671968562116
    },
    "K200f.1day.O": {
        "agreement": 1.0,
        "pred": 0.0022287073699317336
    }
}