{
    "K200f.1030": {
        "agreement": 1.0,
        "pred": 0.0027398426879157527
    },
    "K200f.1130": {
        "agreement": 0.78,
        "pred": 0.0014176970291035979
    }
}