{
    "K200f.1030": {
        "agreement": 0.91,
        "pred": -0.0024137892029175985
    },
    "K200f.1130": {
        "agreement": 0.89,
        "pred": -0.0016983127912680296
    }
}