{
    "K200f.0925": {
        "agreement": 0.62,
        "pred": -0.0009966818715098139
    },
    "K200f.1030": {
        "agreement": 0.57,
        "pred": -0.0003269734053722207
    },
    "K200f.1130": {
        "agreement": 0.67,
        "pred": -0.0005183010293460816
    },
    "K200f.1day.L": {
        "agreement": 1.0,
        "pred": 0.005906001799546948
    },
    "K200f.1day.O": {
        "agreement": 1.0,
        "pred": 0.0016791714678471756
    }
}