{
    "K200f.1030": {
        "agreement": 0.45,
        "pred": 0.0008216267243985828
    },
    "K200f.1130": {
        "agreement": 0.8,
        "pred": 0.0012477469223965525
    }
}