{
    "K200f.1030": {
        "agreement": 0.91,
        "pred": -0.0034569360183900376
    },
    "K200f.1130": {
        "agreement": 0.6,
        "pred": -0.0008860831794598525
    }
}