{
    "K200f.1030": {
        "agreement": 1.0,
        "pred": 0.002422444046137343
    },
    "K200f.1130": {
        "agreement": 1.0,
        "pred": 0.002901102966249451
    }
}