{
    "K200f.0925": {
        "agreement": 1.0,
        "pred": 0.004225829752879092
    },
    "K200f.1030": {
        "agreement": 1.0,
        "pred": 0.0022451127947218583
    },
    "K200f.1130": {
        "agreement": 1.0,
        "pred": 0.0027348334352401004
    },
    "K200f.1day.L": {
        "agreement": 0.86,
        "pred": 0.003431635299532547
    },
    "K200f.1day.O": {
        "agreement": 1.0,
        "pred": 0.0014508423500417486
    }
}