{
    "K200f.1030": {
        "agreement": 0.82,
        "pred": -0.00111771239909457
    },
    "K200f.1130": {
        "agreement": 0.5,
        "pred": -0.0005210196819267386
    }
}