{
    "K200f.1030": {
        "agreement": 0.4,
        "pred": 0.00026553279891203426
    },
    "K200f.1130": {
        "agreement": 0.62,
        "pred": 0.0003727805320083939
    }
}