{
    "K200f.1030": {
        "agreement": 0.8,
        "pred": -0.002340967793345433
    },
    "K200f.1130": {
        "agreement": 0.67,
        "pred": -0.0015558145413374761
    }
}