{
    "K200f.1030": {
        "agreement": 1.0,
        "pred": 0.001367179362686816
    },
    "K200f.1130": {
        "agreement": 0.43,
        "pred": 0.0006069129009319642
    }
}