{
    "K200f.0925": {
        "num_models": 13,
        "pred": -0.0006805958454405048,
        "sum_signs": -11.0
    },
    "K200f.1030": {
        "num_models": 10,
        "pred": -0.002313472831246705,
        "sum_signs": -8.0
    },
    "K200f.1130": {
        "num_models": 8,
        "pred": -0.002761881159201639,
        "sum_signs": -8.0
    }
}