{
    "K200f.1030": {
        "agreement": 0.91,
        "pred": -0.0017264018141112008
    },
    "K200f.1130": {
        "agreement": 0.78,
        "pred": -0.0009379533541939657
    }
}