{
    "K200f.1030": {
        "agreement": 0.9,
        "pred": 0.003443460932976092
    },
    "K200f.1130": {
        "agreement": 0.89,
        "pred": 0.0016147293089612902
    }
}