{
    "K200f.1030": {
        "agreement": 0.67,
        "pred": -0.0007618449538846959
    },
    "K200f.1130": {
        "agreement": 0.45,
        "pred": 0.00026578273335101007
    }
}