{
    "K200f.1030": {
        "agreement": 0.9,
        "pred": -0.0017280825303924098
    },
    "K200f.1130": {
        "agreement": 0.86,
        "pred": -0.001098996528251696
    }
}