{
    "K200f.1030": {
        "agreement": 0.75,
        "pred": 0.0009893083162942741
    },
    "K200f.1130": {
        "agreement": 0.62,
        "pred": -0.0006380327731546952
    }
}