{
    "K200f.0925": {
        "agreement": 0.71,
        "pred": -0.0005155567196133057
    },
    "K200f.1030": {
        "agreement": 1.0,
        "pred": -0.0008858304509271936
    },
    "K200f.1130": {
        "agreement": 0.83,
        "pred": -0.0012614884464429712
    },
    "K200f.1day.L": {
        "agreement": 1.0,
        "pred": 0.001958900717834611
    },
    "K200f.1day.O": {
        "agreement": 0.86,
        "pred": 0.0007624292252526761
    }
}