{
    "K200f.0925": {
        "agreement": 0.8,
        "pred": -0.0008801745793497314
    },
    "K200f.1030": {
        "agreement": 0.55,
        "pred": 0.00016860334091455418
    },
    "K200f.1130": {
        "agreement": 0.7,
        "pred": -0.0011857476485186698
    }
}