{
    "K200f.1030": {
        "agreement": 0.5,
        "pred": -0.00012274967775005347
    },
    "K200f.1130": {
        "agreement": 0.88,
        "pred": 0.0018230572355312695
    }
}