{
    "K200f.0925": {
        "agreement": 0.5,
        "pred": 0.00025223036277553616
    },
    "K200f.1030": {
        "agreement": 1.0,
        "pred": 0.002700476000480843
    },
    "K200f.1130": {
        "agreement": 0.78,
        "pred": 0.0022327974489284924
    },
    "K200f.1day.L": {
        "agreement": 1.0,
        "pred": 0.0054590704646687825
    },
    "K200f.1day.O": {
        "agreement": 0.6,
        "pred": 0.0016523848897300234
    },
    "K200f.b2f1.O": {
        "agreement": 1.0,
        "pred": 0.007432340724818972
    }
}