{
    "K200f.0925": {
        "agreement": 0.89,
        "pred": 0.001381487494598534
    },
    "K200f.1030": {
        "agreement": 0.86,
        "pred": -0.00037141480467945244
    },
    "K200f.1130": {
        "agreement": 0.78,
        "pred": 0.0005961444275073284
    }
}