{
    "K200f.0925": {
        "agreement": 1.0,
        "pred": 0.005300784195711729
    },
    "K200f.1030": {
        "agreement": 0.86,
        "pred": 0.0014884306230243418
    },
    "K200f.1130": {
        "agreement": 1.0,
        "pred": 0.004814555717656736
    },
    "K200f.1day.L": {
        "agreement": 1.0,
        "pred": 0.0030302478090079477
    },
    "K200f.1day.O": {
        "agreement": 0.5,
        "pred": -0.00019466489726662313
    }
}