{
    "K200f.1030": {
        "agreement": 0.8,
        "pred": 0.0007383430583374424
    },
    "K200f.1130": {
        "agreement": 1.0,
        "pred": 0.0016370686467023273
    }
}