{
    "K200f.1030": {
        "agreement": 1.0,
        "pred": -0.0028283989172824516
    },
    "K200f.1130": {
        "agreement": 0.56,
        "pred": -0.00037881422986538
    }
}