{
    "K200f.1030": {
        "agreement": 0.25,
        "pred": 0.00022582739691489576
    },
    "K200f.1130": {
        "agreement": 0.62,
        "pred": 0.00033112242986288573
    }
}