{
    "K200f.0925": {
        "agreement": 0.44,
        "pred": 0.00127415352508944
    },
    "K200f.1030": {
        "agreement": 0.57,
        "pred": -0.0002612951755892181
    },
    "K200f.1130": {
        "agreement": 0.78,
        "pred": 0.000927233767972484
    }
}