{
    "K200f.1030": {
        "agreement": 0.64,
        "pred": 0.0007308729081373265
    },
    "K200f.1130": {
        "agreement": 0.77,
        "pred": 0.001057217646670792
    }
}