{
    "K200f.1030": {
        "agreement": 0.89,
        "pred": -0.0021861414896023087
    },
    "K200f.1130": {
        "agreement": 0.85,
        "pred": -0.0015195774339886166
    }
}