{
    "K200f.1030": {
        "agreement": 1.0,
        "pred": -0.003287922955155004
    },
    "K200f.1130": {
        "agreement": 0.8,
        "pred": -0.0020225332066012122
    }
}