{
    "K200f.0925": {
        "agreement": 0.75,
        "pred": -0.0007669565348337763
    },
    "K200f.1030": {
        "agreement": 0.75,
        "pred": 0.0006594667463239686
    },
    "K200f.1130": {
        "agreement": 0.38,
        "pred": -0.0001030137420548246
    },
    "K200f.1day.L": {
        "agreement": 0.91,
        "pred": 0.003715809923705117
    },
    "K200f.1day.O": {
        "agreement": 0.75,
        "pred": 0.0006163238955385292
    },
    "K200f.b2f1.O": {
        "agreement": 0.75,
        "pred": 0.000494793106091566
    }
}