{
    "K200f.1030": {
        "agreement": 0.7,
        "pred": -0.0019795497361410723
    },
    "K200f.1130": {
        "agreement": 0.6,
        "pred": 1.7046705145522708e-05
    }
}