{
    "K200f.0925": {
        "agreement": 0.6,
        "pred": -0.00039450886895636705
    },
    "K200f.1030": {
        "agreement": 0.57,
        "pred": 0.0001776355832706793
    },
    "K200f.1130": {
        "agreement": 0.57,
        "pred": -0.0006723358565086243
    },
    "K200f.1day.L": {
        "agreement": 0.29,
        "pred": -2.890989598584704e-05
    },
    "K200f.1day.O": {
        "agreement": 1.0,
        "pred": -0.0035583726756177004
    }
}