{
    "K200f.1030": {
        "agreement": 0.5,
        "pred": -0.00028963669244828227
    },
    "K200f.1130": {
        "agreement": 0.57,
        "pred": -0.0001815736972963351
    }
}