{
    "K200f.1030": {
        "agreement": 0.71,
        "pred": 0.0016061293164198887
    },
    "K200f.1130": {
        "agreement": 0.44,
        "pred": 0.0007923549471539035
    }
}