{
    "K200f.1030": {
        "agreement": 0.89,
        "pred": 0.0014502467039266191
    },
    "K200f.1130": {
        "agreement": 0.73,
        "pred": 0.0011643022045382317
    }
}