{
    "K200f.1030": {
        "agreement": 0.7,
        "pred": -0.0015015634510015796
    },
    "K200f.1130": {
        "agreement": 0.6,
        "pred": -0.0011903548273857474
    }
}