{
    "K200f.1030": {
        "agreement": 0.5,
        "pred": 0.0003895106397870481
    },
    "K200f.1130": {
        "agreement": 0.67,
        "pred": -0.00012548267368576898
    }
}