{
    "K200f.1030": {
        "agreement": 0.67,
        "pred": -0.0012205991235395989
    },
    "K200f.1130": {
        "agreement": 0.54,
        "pred": -0.0006840119053092587
    }
}