{
    "K200f.0925": {
        "agreement": 1.0,
        "pred": -0.0021272597266398423
    },
    "K200f.1030": {
        "agreement": 0.43,
        "pred": 4.917197482352298e-05
    },
    "K200f.1130": {
        "agreement": 0.78,
        "pred": -0.0015126915703644155
    }
}