{
    "K200f.1030": {
        "agreement": 0.67,
        "pred": 0.000979039240492582
    },
    "K200f.1130": {
        "agreement": 0.64,
        "pred": 0.0003248673183760275
    }
}