{
    "K200f.0925": {
        "agreement": 0.44,
        "pred": -0.0005397168271091798
    },
    "K200f.1030": {
        "agreement": 0.57,
        "pred": -0.00024916958114611494
    },
    "K200f.1130": {
        "agreement": 0.56,
        "pred": -0.0003392204661425553
    }
}