{
    "K200f.1030": {
        "agreement": 0.91,
        "pred": -0.0019777752550834164
    },
    "K200f.1130": {
        "agreement": 1.0,
        "pred": -0.0015630037375160314
    }
}