{
    "K200f.0925": {
        "agreement": 1.0,
        "pred": 0.0006396668130028095
    },
    "K200f.1030": {
        "agreement": 1.0,
        "pred": 0.0019030993912025696
    },
    "K200f.1130": {
        "agreement": 0.8,
        "pred": 0.0008259424653388912
    }
}