{
    "K200f.1030": {
        "agreement": 0.4,
        "pred": -0.00015528806306443639
    },
    "K200f.1130": {
        "agreement": 0.8,
        "pred": -0.0009141019638958675
    }
}