{
    "K200f.1030": {
        "agreement": 0.55,
        "pred": 0.000565369298939822
    },
    "K200f.1130": {
        "agreement": 0.44,
        "pred": -0.00016723143108628407
    }
}