{
    "K200f.1030": {
        "agreement": 0.7,
        "pred": 0.0010335748111839134
    },
    "K200f.1130": {
        "agreement": 0.71,
        "pred": 0.0012409161168252807
    }
}