{
    "K200f.1030": {
        "agreement": 0.62,
        "pred": 0.0005187613795547312
    },
    "K200f.1130": {
        "agreement": 0.71,
        "pred": 0.0005718553752857579
    }
}