{
    "K200f.1030": {
        "agreement": 0.82,
        "pred": -0.0014092079994717883
    },
    "K200f.1130": {
        "agreement": 0.44,
        "pred": -0.00021374772352340265
    }
}