{
    "K200f.1030": {
        "agreement": 0.64,
        "pred": 0.0010564881217890322
    },
    "K200f.1130": {
        "agreement": 0.6,
        "pred": 0.00032726606098600796
    }
}