{
    "K200f.1030": {
        "agreement": 1.0,
        "pred": -0.004419573769127628
    },
    "K200f.1130": {
        "agreement": 0.7,
        "pred": -0.002016857209240981
    }
}