{
    "K200f.1030": {
        "agreement": 0.44,
        "pred": 0.00027313056771649275
    },
    "K200f.1130": {
        "agreement": 0.73,
        "pred": -0.0006734195562690394
    }
}