{
    "K200f.1030": {
        "agreement": 0.88,
        "pred": -0.0018939862329806637
    },
    "K200f.1130": {
        "agreement": 0.73,
        "pred": -0.001324037779871558
    }
}