{
    "K200f.1030": {
        "agreement": 0.33,
        "pred": -0.00042672238805640085
    },
    "K200f.1130": {
        "agreement": 0.82,
        "pred": 0.0018910550194928752
    }
}