{
    "K200f.1030": {
        "agreement": 0.5,
        "pred": -0.00022190045652663963
    },
    "K200f.1130": {
        "agreement": 0.78,
        "pred": 0.0008422992033558165
    }
}