{
    "K200f.1030": {
        "agreement": 0.8,
        "pred": 0.0013297746924911889
    },
    "K200f.1130": {
        "agreement": 0.78,
        "pred": 0.001135235012689281
    }
}