{
    "K200f.0925": {
        "num_models": 13,
        "pred": 0.0008696271992193496,
        "sum_signs": 11.0
    },
    "K200f.1030": {
        "num_models": 10,
        "pred": 0.0015933129879343634,
        "sum_signs": 2.0
    },
    "K200f.1130": {
        "num_models": 8,
        "pred": 0.001496300712349307,
        "sum_signs": 4.0
    }
}