{
    "K200f.1030": {
        "agreement": 0.9,
        "pred": -0.0017986924973608157
    },
    "K200f.1130": {
        "agreement": 0.71,
        "pred": -0.0008844697371190674
    }
}