{
    "K200f.1030": {
        "agreement": 1.0,
        "pred": 0.0033316590593676977
    },
    "K200f.1130": {
        "agreement": 0.7,
        "pred": 0.002222016915770544
    }
}