{
    "K200f.1030": {
        "agreement": 1.0,
        "pred": -0.002951575254060713
    },
    "K200f.1130": {
        "agreement": 1.0,
        "pred": -0.0023008045094133223
    }
}