{
    "K200f.1030": {
        "agreement": 0.56,
        "pred": -0.0001483399547481955
    },
    "K200f.1130": {
        "agreement": 0.73,
        "pred": -0.0004970758654500224
    }
}