{
    "K200f.1030": {
        "agreement": 0.89,
        "pred": -0.0038654115701736635
    },
    "K200f.1130": {
        "agreement": 1.0,
        "pred": -0.0039748078754292294
    }
}