{
    "K200f.1030": {
        "agreement": 1.0,
        "pred": -0.0025577851699826785
    },
    "K200f.1130": {
        "agreement": 0.92,
        "pred": -0.0019021910463103355
    }
}