{
    "K200f.1030": {
        "agreement": 1.0,
        "pred": 0.002332029817134304
    },
    "K200f.1130": {
        "agreement": 1.0,
        "pred": 0.0026786364168789258
    }
}