{
    "K200f.0925": {
        "num_models": 13,
        "pred": 0.00030250104113071786,
        "sum_signs": 1.0
    },
    "K200f.1030": {
        "num_models": 10,
        "pred": -0.0023864196443088258,
        "sum_signs": -8.0
    },
    "K200f.1130": {
        "num_models": 8,
        "pred": -0.001990786997574809,
        "sum_signs": -6.0
    }
}