{
    "K200f.1030": {
        "agreement": 0.67,
        "pred": 0.0014867360722137814
    },
    "K200f.1130": {
        "agreement": 0.62,
        "pred": 0.001013566697835269
    }
}