{
    "K200f.0925": {
        "agreement": 0.89,
        "pred": 0.0018093410051787577
    },
    "K200f.1030": {
        "agreement": 0.86,
        "pred": 0.001140143718554254
    },
    "K200f.1130": {
        "agreement": 0.67,
        "pred": 0.0009719887345906131
    }
}