{
    "K200f.1030": {
        "agreement": 0.44,
        "pred": 0.0003724548514254539
    },
    "K200f.1130": {
        "agreement": 0.77,
        "pred": 0.001227681901480203
    }
}