{
    "K200f.1030": {
        "agreement": 0.9,
        "pred": -0.0021910465315746566
    },
    "K200f.1130": {
        "agreement": 0.89,
        "pred": -0.001864703275529411
    }
}