{
    "K200f.1030": {
        "agreement": 0.62,
        "pred": 0.00034113282607986756
    },
    "K200f.1130": {
        "agreement": 0.88,
        "pred": 0.003072973036416006
    }
}