{
    "K200f.1030": {
        "agreement": 0.88,
        "pred": -0.0011765300093842324
    },
    "K200f.1130": {
        "agreement": 0.55,
        "pred": 1.1781714995280614e-05
    }
}