{
    "K200f.1030": {
        "agreement": 0.55,
        "pred": -0.00030308225368509727
    },
    "K200f.1130": {
        "agreement": 0.6,
        "pred": -0.0002860036205437007
    }
}