{
    "K200f.0925": {
        "agreement": 0.88,
        "pred": 0.0021998342431525713
    },
    "K200f.1030": {
        "agreement": 1.0,
        "pred": 0.0016161418539859837
    },
    "K200f.1130": {
        "agreement": 1.0,
        "pred": 0.002113634453759132
    },
    "K200f.1day.L": {
        "agreement": 0.91,
        "pred": 0.002191575496998145
    },
    "K200f.1day.O": {
        "agreement": 0.5,
        "pred": 0.0010849864121696851
    },
    "K200f.b2f1.O": {
        "agreement": 0.75,
        "pred": 0.0019794084334484843
    }
}