{
    "K200f.1030": {
        "agreement": 0.69,
        "pred": 0.00042823169629320305
    },
    "K200f.1130": {
        "agreement": 0.57,
        "pred": 0.0007542023194565015
    }
}