{
    "K200f.1030": {
        "agreement": 0.73,
        "pred": 0.0007511932415286895
    },
    "K200f.1130": {
        "agreement": 1.0,
        "pred": 0.0014369154221590907
    }
}