{
    "K200f.0925": {
        "agreement": 0.3,
        "pred": -2.314868087681058e-05
    },
    "K200f.1030": {
        "agreement": 0.75,
        "pred": -0.0003939079252647139
    },
    "K200f.1130": {
        "agreement": 0.5,
        "pred": -0.00033573757964782216
    },
    "K200f.1day.L": {
        "agreement": 1.0,
        "pred": 0.0013964633228654294
    },
    "K200f.1day.O": {
        "agreement": 1.0,
        "pred": 0.0025175814711276287
    }
}