{
    "K200f.1030": {
        "agreement": 0.44,
        "pred": 0.000726289168051792
    },
    "K200f.1130": {
        "agreement": 0.62,
        "pred": 0.001040020538476109
    }
}