{
    "K200f.0925": {
        "agreement": 0.67,
        "pred": 0.0002494204142994974
    },
    "K200f.1030": {
        "agreement": 0.86,
        "pred": 0.0005653278653043524
    },
    "K200f.1130": {
        "agreement": 0.71,
        "pred": 0.0006216810215416072
    },
    "K200f.1day.L": {
        "agreement": 0.75,
        "pred": -0.0003542634025465877
    },
    "K200f.1day.O": {
        "agreement": 1.0,
        "pred": -0.0014154328203527017
    }
}