{
    "K200f.1030": {
        "agreement": 0.45,
        "pred": 0.0002030171966941369
    },
    "K200f.1130": {
        "agreement": 0.6,
        "pred": 0.00015646019784651177
    }
}