{
    "K200f.1030": {
        "agreement": 0.45,
        "pred": -0.0002589105287151261
    },
    "K200f.1130": {
        "agreement": 0.5,
        "pred": 0.0001402092610316315
    }
}