{
    "K200f.1030": {
        "agreement": 0.91,
        "pred": 0.0018639477045651652
    },
    "K200f.1130": {
        "agreement": 0.89,
        "pred": 0.001353015254792563
    }
}