{
    "K200f.1030": {
        "agreement": 1.0,
        "pred": -0.002508002421221895
    },
    "K200f.1130": {
        "agreement": 0.9,
        "pred": -0.0015266406242203036
    }
}