{
    "K200f.1030": {
        "agreement": 0.93,
        "pred": 0.0022235814663281875
    },
    "K200f.1130": {
        "agreement": 1.0,
        "pred": 0.0018666504553656652
    }
}