{
    "K200f.0925": {
        "agreement": 0.5,
        "pred": -0.00021845427937787582
    },
    "K200f.1030": {
        "agreement": 0.75,
        "pred": -0.00047386671381068545
    },
    "K200f.1130": {
        "agreement": 0.62,
        "pred": -0.00011316895121296812
    },
    "K200f.1day.L": {
        "agreement": 0.9,
        "pred": 0.0027207383200491047
    },
    "K200f.1day.O": {
        "agreement": 0.71,
        "pred": -0.0007947959093220002
    }
}