{
    "K200f.1030": {
        "agreement": 0.64,
        "pred": -0.0014827875229904768
    },
    "K200f.1130": {
        "agreement": 0.46,
        "pred": -0.0010089077382602122
    }
}