{
    "K200f.1030": {
        "agreement": 0.5,
        "pred": -0.00046403914352501806
    },
    "K200f.1130": {
        "agreement": 1.0,
        "pred": -0.002351792001342917
    }
}