{
    "K200f.1030": {
        "agreement": 0.88,
        "pred": 0.0023913352578423565
    },
    "K200f.1130": {
        "agreement": 0.62,
        "pred": 6.942356258509905e-06
    }
}