{
    "K200f.1030": {
        "agreement": 0.88,
        "pred": -0.0024872517609573334
    },
    "K200f.1130": {
        "agreement": 0.73,
        "pred": -0.0010617295905762908
    }
}