{
    "K200f.1030": {
        "agreement": 0.82,
        "pred": -0.0019412804407025655
    },
    "K200f.1130": {
        "agreement": 1.0,
        "pred": -0.002161343429496061
    }
}