{
    "K200f.1030": {
        "agreement": 0.56,
        "pred": 0.0005595805588585437
    },
    "K200f.1130": {
        "agreement": 0.88,
        "pred": 0.0008772173441021555
    }
}