{
    "K200f.0925": {
        "agreement": 0.5,
        "pred": -0.0006470002340634297
    },
    "K200f.1030": {
        "agreement": 0.88,
        "pred": -0.0012253604105148914
    },
    "K200f.1130": {
        "agreement": 0.78,
        "pred": -0.000625473207290018
    },
    "K200f.1day.L": {
        "agreement": 1.0,
        "pred": 0.0030956936636480177
    },
    "K200f.1day.O": {
        "agreement": 0.8,
        "pred": 0.0005405905777621232
    },
    "K200f.b2f1.O": {
        "agreement": 0.5,
        "pred": -0.00018137331583212507
    }
}