{
    "K200f.1030": {
        "agreement": 0.71,
        "pred": -0.00018902722590352088
    },
    "K200f.1130": {
        "agreement": 1.0,
        "pred": 0.0023695994566952636
    }
}