{
    "K200f.1030": {
        "agreement": 0.9,
        "pred": 0.0024823919432049512
    },
    "K200f.1130": {
        "agreement": 0.86,
        "pred": 0.001372721287946067
    }
}