{
    "K200f.0925": {
        "agreement": 0.67,
        "pred": 0.00033079708148336224
    },
    "K200f.1030": {
        "agreement": 0.86,
        "pred": 0.0005776132809291468
    },
    "K200f.1130": {
        "agreement": 0.78,
        "pred": 0.0003291593187765713
    }
}