{
    "K200f.1030": {
        "agreement": 0.71,
        "pred": -0.0021667639706687805
    },
    "K200f.1130": {
        "agreement": 1.0,
        "pred": -0.002268573815154228
    }
}