{
    "K200f.1030": {
        "agreement": 0.91,
        "pred": -0.004039762308887257
    },
    "K200f.1130": {
        "agreement": 0.89,
        "pred": -0.0020505971321899013
    }
}