{
    "K200f.0925": {
        "agreement": 0.75,
        "pred": 0.00237337568716283
    },
    "K200f.1030": {
        "agreement": 0.88,
        "pred": 0.0009454730868296996
    },
    "K200f.1130": {
        "agreement": 0.67,
        "pred": 0.0006436110090874648
    },
    "K200f.1day.L": {
        "agreement": 0.91,
        "pred": 0.00258557748558606
    },
    "K200f.1day.O": {
        "agreement": 0.8,
        "pred": 0.0016742419093512036
    },
    "K200f.b2f1.O": {
        "agreement": 0.83,
        "pred": 0.0013402394726946332
    }
}