{
    "K200f.1030": {
        "agreement": 0.5,
        "pred": -0.0013491050812874132
    },
    "K200f.1130": {
        "agreement": 0.71,
        "pred": -0.0011915616054900748
    }
}