{
    "K200f.1030": {
        "agreement": 0.89,
        "pred": -0.0025511402920242094
    },
    "K200f.1130": {
        "agreement": 0.75,
        "pred": -0.0012635700836363486
    }
}