{
    "K200f.0925": {
        "agreement": 0.67,
        "pred": 0.00043844705838440437
    },
    "K200f.1030": {
        "agreement": 0.71,
        "pred": 0.00020579030965361755
    },
    "K200f.1130": {
        "agreement": 0.86,
        "pred": 0.0013685224882391289
    },
    "K200f.1day.L": {
        "agreement": 0.75,
        "pred": -0.0006048381519898453
    },
    "K200f.1day.O": {
        "agreement": 1.0,
        "pred": -0.003613424379978665
    }
}