{
    "K200f.1030": {
        "agreement": 0.69,
        "pred": -0.0006033243203293956
    },
    "K200f.1130": {
        "agreement": 0.57,
        "pred": -0.0004793443438536136
    }
}