{
    "K200f.0925": {
        "agreement": 0.33,
        "pred": -0.00033064068988537424
    },
    "K200f.1030": {
        "agreement": 0.71,
        "pred": -0.0006871406607592169
    },
    "K200f.1130": {
        "agreement": 0.71,
        "pred": 0.0011443038711283428
    },
    "K200f.1day.L": {
        "agreement": 0.75,
        "pred": 0.0009101024598492009
    },
    "K200f.1day.O": {
        "agreement": 1.0,
        "pred": -0.0010813444931260978
    }
}