{
    "K200f.1030": {
        "agreement": 0.9,
        "pred": -0.0026203117964624495
    },
    "K200f.1130": {
        "agreement": 1.0,
        "pred": -0.0019209710132179966
    }
}