{
    "K200f.1030": {
        "agreement": 0.56,
        "pred": -0.0009839574257666129
    },
    "K200f.1130": {
        "agreement": 0.5,
        "pred": -0.0006451757261592691
    }
}