{
    "K200f.1030": {
        "agreement": 0.7,
        "pred": -0.0009559793481655283
    },
    "K200f.1130": {
        "agreement": 0.78,
        "pred": -0.0009676348658983423
    }
}