{
    "K200f.1030": {
        "agreement": 1.0,
        "pred": 0.0030560882445115913
    },
    "K200f.1130": {
        "agreement": 0.9,
        "pred": 0.0020444791382416448
    }
}