{
    "K200f.0925": {
        "agreement": 0.67,
        "pred": -0.00042349856234164354
    },
    "K200f.1030": {
        "agreement": 0.86,
        "pred": -0.0008980996210574135
    },
    "K200f.1130": {
        "agreement": 1.0,
        "pred": -0.0016840734712734468
    },
    "K200f.1day.L": {
        "agreement": 0.75,
        "pred": -0.0019848570495929673
    },
    "K200f.1day.O": {
        "agreement": 0.8,
        "pred": -0.0007883773939543984
    }
}