{
    "K200f.0925": {
        "agreement": 0.88,
        "pred": 0.003304720936760578
    },
    "K200f.1030": {
        "agreement": 0.86,
        "pred": 0.0003004556404355178
    },
    "K200f.1130": {
        "agreement": 1.0,
        "pred": 0.002458332843791719
    },
    "K200f.1day.L": {
        "agreement": 0.83,
        "pred": 0.003446176999661214
    },
    "K200f.1day.O": {
        "agreement": 1.0,
        "pred": 0.0056998227290077814
    }
}