{
    "K200f.1030": {
        "agreement": 0.88,
        "pred": 0.0011764574187117958
    },
    "K200f.1130": {
        "agreement": 0.5,
        "pred": 4.7428745258924906e-05
    }
}