{
    "K200f.0925": {
        "agreement": 1.0,
        "pred": -0.0036940912988659867
    },
    "K200f.1030": {
        "agreement": 0.86,
        "pred": -0.0010836337684816378
    },
    "K200f.1130": {
        "agreement": 1.0,
        "pred": -0.0031589672646798665
    },
    "K200f.1day.L": {
        "agreement": 1.0,
        "pred": -0.006256877448247146
    },
    "K200f.1day.O": {
        "agreement": 1.0,
        "pred": -0.0017851276375261088
    }
}