{
    "K200f.0925": {
        "agreement": 0.8,
        "pred": -0.0008902597034659654
    },
    "K200f.1030": {
        "agreement": 0.5,
        "pred": -0.00011645619538680927
    },
    "K200f.1130": {
        "agreement": 0.67,
        "pred": 0.00021792892021730382
    },
    "K200f.1day.L": {
        "agreement": 0.7,
        "pred": -0.0005841944633088031
    },
    "K200f.1day.O": {
        "agreement": 0.62,
        "pred": 0.0008973392547789534
    },
    "K200f.b2f1.O": {
        "agreement": 1.0,
        "pred": -0.0037783074417855286
    }
}